epoch,grad_norm,learning_rate,loss,step
0.002089045567306437,0.8724204897880554,8.35421888053467e-07,1.9004,50
0.004178091134612874,0.7522647976875305,1.670843776106934e-06,1.9266,100
0.00626713670191931,0.9465087652206421,2.506265664160401e-06,1.8159,150
0.008356182269225748,2.0452184677124023,3.341687552213868e-06,1.4922,200
0.010445227836532185,1.3516603708267212,4.177109440267335e-06,0.9825,250
0.01253427340383862,0.799002468585968,5.012531328320802e-06,0.3705,300
0.014623318971145058,0.2245427370071411,5.847953216374269e-06,0.1221,350
0.016712364538451496,0.16111983358860016,6.683375104427736e-06,0.0556,400
0.01880141010575793,0.02748023346066475,7.518796992481203e-06,0.0392,450
0.02089045567306437,0.1108013391494751,8.35421888053467e-06,0.0273,500
0.022979501240370806,0.0038579157553613186,9.189640768588137e-06,0.0127,550
0.02506854680767724,0.07367505878210068,1.0025062656641604e-05,0.018,600
0.02715759237498368,0.036454640328884125,1.0860484544695072e-05,0.0159,650
0.029246637942290116,0.2696688175201416,1.1695906432748539e-05,0.0117,700
0.031335683509596556,0.0009579132311046124,1.2531328320802006e-05,0.0127,750
0.03342472907690299,0.007336754817515612,1.3366750208855472e-05,0.0071,800
0.03551377464420943,0.4338447153568268,1.4202172096908939e-05,0.0033,850
0.03760282021151586,0.0005747616523876786,1.5037593984962406e-05,0.0059,900
0.0396918657788223,0.0047984435223042965,1.5873015873015872e-05,0.0059,950
0.04178091134612874,0.011633168905973434,1.670843776106934e-05,0.0153,1000
0.043869956913435176,0.019145438447594643,1.754385964912281e-05,0.0108,1050
0.04595900248074161,0.06296111643314362,1.8379281537176274e-05,0.0056,1100
0.04804804804804805,0.001881525618955493,1.9214703425229743e-05,0.0053,1150
0.05013709361535448,0.00016400111780967563,1.9997361129436605e-05,0.0075,1200
0.05222613918266092,0.0022410335950553417,1.9953379953379953e-05,0.004,1250
0.05431518474996736,0.24593693017959595,1.990939877732331e-05,0.0019,1300
0.0564042303172738,1.0619845390319824,1.9865417601266657e-05,0.0077,1350
0.05849327588458023,0.32764098048210144,1.9821436425210012e-05,0.0023,1400
0.06058232145188667,0.09603584557771683,1.9777455249153364e-05,0.0039,1450
0.06267136701919311,0.0012794353533536196,1.9733474073096716e-05,0.0056,1500
0.06476041258649955,0.0019687882158905268,1.9689492897040068e-05,0.0017,1550
0.06684945815380598,1.227808570547495e-05,1.964551172098342e-05,0.0047,1600
0.06893850372111242,0.0013216919032856822,1.9601530544926772e-05,0.0097,1650
0.07102754928841885,0.00020272204710636288,1.9557549368870127e-05,0.0015,1700
0.07311659485572529,0.0004067678819410503,1.9513568192813476e-05,0.0131,1750
0.07520564042303172,0.00038819247856736183,1.946958701675683e-05,0.0011,1800
0.07729468599033816,0.0005490116309374571,1.9425605840700183e-05,0.0035,1850
0.0793837315576446,0.21484333276748657,1.9381624664643535e-05,0.0079,1900
0.08147277712495103,0.409699946641922,1.9337643488586887e-05,0.0052,1950
0.08356182269225748,0.00017914619820658118,1.929366231253024e-05,0.001,2000
0.08565086825956392,3.495971759548411e-05,1.924968113647359e-05,0.0027,2050
0.08773991382687035,0.0012844093143939972,1.9206579583938076e-05,0.0035,2100
0.08982895939417679,6.082055188016966e-05,1.9162598407881428e-05,0.004,2150
0.09191800496148322,0.0006079302984289825,1.911861723182478e-05,0.0056,2200
0.09400705052878966,0.08007634431123734,1.907463605576813e-05,0.0017,2250
0.0960960960960961,9.49065070017241e-05,1.9030654879711487e-05,0.0033,2300
0.09818514166340253,0.00034756259992718697,1.8986673703654835e-05,0.0139,2350
0.10027418723070897,0.06892730295658112,1.894269252759819e-05,0.0013,2400
0.1023632327980154,0.0008113022777251899,1.8898711351541542e-05,0.0059,2450
0.10445227836532184,0.030839858576655388,1.8854730175484894e-05,0.0047,2500
0.10654132393262829,0.00027324637630954385,1.8810748999428246e-05,0.0048,2550
0.10863036949993472,0.029352687299251556,1.8766767823371598e-05,0.0135,2600
0.11071941506724116,0.007341902237385511,1.872278664731495e-05,0.0019,2650
0.1128084606345476,9.914075781125575e-05,1.86788054712583e-05,0.0008,2700
0.11489750620185403,0.0121819619089365,1.8634824295201654e-05,0.0048,2750
0.11698655176916047,0.12612377107143402,1.859084311914501e-05,0.0022,2800
0.1190755973364669,1.0733606815338135,1.8546861943088357e-05,0.0039,2850
0.12116464290377334,1.2771921547027887e-06,1.8502880767031713e-05,0.0032,2900
0.12325368847107977,0.0033693849109113216,1.8458899590975065e-05,0.0035,2950
0.12534273403838622,2.934782241936773e-05,1.8414918414918416e-05,0.0017,3000
0.12743177960569266,3.1420921004610136e-05,1.8370937238861768e-05,0.0016,3050
0.1295208251729991,0.0404394194483757,1.832695606280512e-05,0.0029,3100
0.13160987074030553,0.000595349702052772,1.8282974886748472e-05,0.0021,3150
0.13369891630761196,1.2920484095957363e-06,1.8238993710691827e-05,0.0031,3200
0.1357879618749184,0.0002439052623230964,1.8195012534635176e-05,0.0003,3250
0.13787700744222484,0.0001760345621732995,1.815103135857853e-05,0.002,3300
0.13996605300953127,9.923019916868725e-08,1.8107050182521883e-05,0.0002,3350
0.1420550985768377,2.5995871055783937e-06,1.8063069006465235e-05,0.0015,3400
0.14414414414414414,0.00016821097233332694,1.8019087830408587e-05,0.0038,3450
0.14623318971145058,0.00046732366899959743,1.797510665435194e-05,0.0139,3500
0.14832223527875701,2.8456741347326897e-05,1.793112547829529e-05,0.0006,3550
0.15041128084606345,0.08496873825788498,1.7887144302238642e-05,0.0081,3600
0.15250032641336989,0.0005794467870146036,1.7843163126181994e-05,0.0031,3650
0.15458937198067632,1.4053376617084723e-05,1.779918195012535e-05,0.0007,3700
0.15667841754798276,0.0010423845378682017,1.7755200774068698e-05,0.0093,3750
0.1587674631152892,0.541858971118927,1.7711219598012053e-05,0.0025,3800
0.16085650868259563,0.0002220713795395568,1.7667238421955405e-05,0.0077,3850
0.16294555424990206,0.0003600392956286669,1.7623257245898757e-05,0.0013,3900
0.1650345998172085,6.035270416759886e-05,1.757927606984211e-05,0.004,3950
0.16712364538451496,0.00026328410604037344,1.753529489378546e-05,0.0007,4000
0.1692126909518214,0.0004203234857413918,1.7491313717728813e-05,0.0062,4050
0.17130173651912783,0.0005666267243213952,1.7447332541672165e-05,0.007,4100
0.17339078208643427,0.006465775892138481,1.7403351365615517e-05,0.0032,4150
0.1754798276537407,2.791521001199726e-05,1.7359370189558872e-05,0.0027,4200
0.17756887322104714,0.11890717595815659,1.731538901350222e-05,0.0009,4250
0.17965791878835358,2.010086791415233e-05,1.7271407837445576e-05,0.0036,4300
0.18174696435566,0.00018441351130604744,1.7227426661388928e-05,0.0002,4350
0.18383600992296645,1.1776895007642452e-05,1.718344548533228e-05,0.006,4400
0.18592505549027288,0.0007693985244259238,1.713946430927563e-05,0.0016,4450
0.18801410105757932,0.00022103014634922147,1.7095483133218983e-05,0.0073,4500
0.19010314662488575,0.0027514679823070765,1.7051501957162335e-05,0.0086,4550
0.1921921921921922,0.024037031456828117,1.7007520781105687e-05,0.0032,4600
0.19428123775949863,0.010657952167093754,1.696353960504904e-05,0.0027,4650
0.19637028332680506,0.0002244272909592837,1.6919558428992394e-05,0.0033,4700
0.1984593288941115,5.923783828620799e-05,1.6875577252935743e-05,0.0012,4750
0.20054837446141793,0.00012022606824757531,1.6831596076879098e-05,0.002,4800
0.20263742002872437,0.14758417010307312,1.678761490082245e-05,0.0041,4850
0.2047264655960308,0.07693017274141312,1.67436337247658e-05,0.0058,4900
0.20681551116333724,0.16263704001903534,1.6699652548709154e-05,0.0068,4950
0.20890455673064368,7.014587754383683e-05,1.6655671372652505e-05,0.0002,5000
0.2109936022979501,2.908557235059561e-06,1.6611690196595857e-05,0.0008,5050
0.21308264786525657,0.14426229894161224,1.6567709020539213e-05,0.01,5100
0.215171693432563,0.7804872393608093,1.652372784448256e-05,0.0059,5150
0.21726073899986945,0.001103077083826065,1.6479746668425916e-05,0.0034,5200
0.21934978456717588,5.867925210623071e-06,1.6435765492369268e-05,0.002,5250
0.22143883013448232,1.9886870177288074e-06,1.639178431631262e-05,0.0023,5300
0.22352787570178875,1.852719287853688e-05,1.6348682763777105e-05,0.0089,5350
0.2256169212690952,0.008278877474367619,1.6304701587720457e-05,0.0001,5400
0.22770596683640162,0.00047150315367616713,1.626072041166381e-05,0.0041,5450
0.22979501240370806,8.18861906282109e-07,1.6217618859128294e-05,0.0073,5500
0.2318840579710145,3.802021819865331e-05,1.6173637683071646e-05,0.0006,5550
0.23397310353832093,9.293727634940296e-05,1.6129656507014998e-05,0.0056,5600
0.23606214910562737,0.0005817569326609373,1.608567533095835e-05,0.004,5650
0.2381511946729338,0.011069594882428646,1.6041694154901702e-05,0.0027,5700
0.24024024024024024,0.0004940230865031481,1.5997712978845054e-05,0.0061,5750
0.24232928580754667,0.12139755487442017,1.595373180278841e-05,0.0022,5800
0.2444183313748531,0.4207569360733032,1.5909750626731758e-05,0.0048,5850
0.24650737694215955,7.011315119598294e-06,1.5865769450675113e-05,0.0028,5900
0.24859642250946598,0.0025441283360123634,1.5821788274618465e-05,0.0068,5950
0.25068546807677244,0.0004624749126378447,1.5777807098561817e-05,0.0025,6000
0.2527745136440789,1.3017305718676653e-05,1.573382592250517e-05,0.0032,6050
0.2548635592113853,1.3409040548140183e-05,1.568984474644852e-05,0.0001,6100
0.25695260477869175,0.24569058418273926,1.5645863570391872e-05,0.004,6150
0.2590416503459982,0.006109262816607952,1.5601882394335228e-05,0.0039,6200
0.2611306959133046,0.00024466635659337044,1.5557901218278576e-05,0.0027,6250
0.26321974148061106,0.2788088619709015,1.551392004222193e-05,0.0025,6300
0.2653087870479175,6.483202923845965e-06,1.5469938866165283e-05,0.0021,6350
0.26739783261522393,0.00023158651310950518,1.5425957690108635e-05,0.0016,6400
0.26948687818253036,1.8129172474345978e-07,1.5381976514051987e-05,0.0009,6450
0.2715759237498368,0.006175845395773649,1.533799533799534e-05,0.0003,6500
0.27366496931714324,1.5551815522485413e-05,1.529401416193869e-05,0.0008,6550
0.27575401488444967,0.0040847365744411945,1.5250032985882044e-05,0.0031,6600
0.2778430604517561,0.00014401256339624524,1.5206051809825395e-05,0.0004,6650
0.27993210601906254,2.979045120810042e-06,1.5162070633768748e-05,0.002,6700
0.282021151586369,0.009707442484796047,1.51180894577121e-05,0.0002,6750
0.2841101971536754,4.56068228231743e-05,1.5074108281655454e-05,0.0001,6800
0.28619924272098185,0.1386854201555252,1.5030127105598804e-05,0.0032,6850
0.2882882882882883,1.3836306607117876e-06,1.4986145929542157e-05,0.0012,6900
0.2903773338555947,2.74193735094741e-06,1.494216475348551e-05,0.002,6950
0.29246637942290116,4.380139671411598e-06,1.4898183577428861e-05,0.0064,7000
0.2945554249902076,0.00033243681536987424,1.4854202401372213e-05,0.0037,7050
0.29664447055751403,3.0060164135647938e-05,1.4810221225315567e-05,0.005,7100
0.29873351612482046,0.005402497947216034,1.4766240049258917e-05,0.0036,7150
0.3008225616921269,3.933950665668817e-06,1.472225887320227e-05,0.0016,7200
0.30291160725943334,0.04320033639669418,1.4678277697145622e-05,0.0025,7250
0.30500065282673977,0.0027699521742761135,1.4634296521088976e-05,0.0057,7300
0.3070896983940462,6.876082807139028e-06,1.4590315345032326e-05,0.0007,7350
0.30917874396135264,3.578109271984431e-06,1.454633416897568e-05,0.0001,7400
0.3112677895286591,1.9699691620189697e-05,1.4502352992919032e-05,0.004,7450
0.3133568350959655,4.671760507335421e-06,1.4458371816862385e-05,0.0028,7500
0.31544588066327195,0.19393602013587952,1.4414390640805735e-05,0.0014,7550
0.3175349262305784,5.225851964496542e-06,1.4370409464749089e-05,0.0013,7600
0.3196239717978848,0.0001935763721121475,1.4326428288692439e-05,0.0086,7650
0.32171301736519126,0.12031472474336624,1.4282447112635793e-05,0.0012,7700
0.3238020629324977,1.757668906066101e-05,1.4238465936579145e-05,0.0015,7750
0.3258911084998041,3.5758246667683125e-05,1.4194484760522498e-05,0.0001,7800
0.32798015406711056,0.6681075096130371,1.4150503584465848e-05,0.0066,7850
0.330069199634417,0.00022736284881830215,1.4106522408409202e-05,0.0027,7900
0.3321582452017235,2.9070162099742447e-07,1.4062541232352554e-05,0.0022,7950
0.3342472907690299,0.025122899562120438,1.4018560056295907e-05,0.0051,8000
0.33633633633633636,0.0007775981212034822,1.3974578880239258e-05,0.0038,8050
0.3384253819036428,1.1935588190681301e-05,1.3930597704182611e-05,0.0008,8100
0.34051442747094923,0.0008237727452069521,1.3887496151647095e-05,0.0043,8150
0.34260347303825567,0.003772015916183591,1.3843514975590448e-05,0.0004,8200
0.3446925186055621,1.9789706584560918e-06,1.37995337995338e-05,0.0011,8250
0.34678156417286854,0.00026237862766720355,1.3755552623477154e-05,0.0019,8300
0.348870609740175,7.118036592146382e-06,1.3711571447420504e-05,0.0026,8350
0.3509596553074814,1.7371783656017215e-07,1.3667590271363858e-05,0.0002,8400
0.35304870087478785,0.05932826176285744,1.362360909530721e-05,0.004,8450
0.3551377464420943,1.352184517600108e-05,1.3579627919250561e-05,0.007,8500
0.3572267920094007,3.7834195154573536e-06,1.3535646743193913e-05,0.0045,8550
0.35931583757670715,0.0003366436285432428,1.3491665567137267e-05,0.0046,8600
0.3614048831440136,1.2598711691680364e-05,1.3447684391080617e-05,0.0007,8650
0.36349392871132,0.0002880646497942507,1.340370321502397e-05,0.0013,8700
0.36558297427862646,1.5895506294327788e-05,1.3359722038967323e-05,0.0032,8750
0.3676720198459329,0.0009835163364186883,1.3315740862910676e-05,0.0041,8800
0.36976106541323933,0.00024952273815870285,1.3271759686854026e-05,0.0003,8850
0.37185011098054577,0.00020481178944464773,1.322777851079738e-05,0.0012,8900
0.3739391565478522,5.248180605121888e-05,1.3183797334740732e-05,0.0014,8950
0.37602820211515864,5.119586603541393e-06,1.3139816158684084e-05,0.0026,9000
0.3781172476824651,0.0001276065013371408,1.3095834982627436e-05,0.0071,9050
0.3802062932497715,1.171235453512054e-05,1.3051853806570789e-05,0.005,9100
0.38229533881707795,0.0005064727156423032,1.300787263051414e-05,0.0004,9150
0.3843843843843844,6.307284365902888e-06,1.2963891454457493e-05,0.001,9200
0.3864734299516908,4.5771506847813725e-05,1.2919910278400845e-05,0.0042,9250
0.38856247551899725,9.385299199493602e-05,1.2875929102344198e-05,0.0013,9300
0.3906515210863037,4.278456253814511e-05,1.2831947926287549e-05,0.0012,9350
0.3927405666536101,5.921205593040213e-05,1.2787966750230902e-05,0.0039,9400
0.39482961222091656,8.032675395952538e-07,1.2743985574174254e-05,0.0013,9450
0.396918657788223,6.392978320945986e-06,1.2700004398117608e-05,0.0005,9500
0.39900770335552943,0.00014957203529775143,1.2656023222060958e-05,0.0038,9550
0.40109674892283587,4.3659110815497115e-06,1.2612042046004311e-05,0.0037,9600
0.4031857944901423,0.0021320830564945936,1.2568060869947663e-05,0.0015,9650
0.40527484005744874,1.799900201149285e-05,1.2524079693891015e-05,0.005,9700
0.4073638856247552,0.0005001046811230481,1.2480098517834367e-05,0.0009,9750
0.4094529311920616,1.0897560059675016e-05,1.243611734177772e-05,0.0002,9800
0.41154197675936804,3.2955429105641088e-06,1.239213616572107e-05,0.0005,9850
0.4136310223266745,0.0014082459965720773,1.2348154989664424e-05,0.0094,9900
0.4157200678939809,0.07341238856315613,1.2304173813607776e-05,0.0049,9950
0.41780911346128735,8.331974640896078e-06,1.226019263755113e-05,0.0023,10000
0.4198981590285938,0.00036088062915951014,1.221621146149448e-05,0.0007,10050
0.4219872045959002,0.08035647124052048,1.2172230285437834e-05,0.0024,10100
0.42407625016320666,0.0002616621204651892,1.2128249109381186e-05,0.0053,10150
0.42616529573051315,0.0023530516773462296,1.2084267933324539e-05,0.0024,10200
0.4282543412978196,0.0010609379969537258,1.204028675726789e-05,0.0048,10250
0.430343386865126,0.00014219965669326484,1.1996305581211243e-05,0.0016,10300
0.43243243243243246,1.1044631004333496,1.1952324405154595e-05,0.0039,10350
0.4345214779997389,0.00020430973381735384,1.1908343229097947e-05,0.0023,10400
0.4366105235670453,6.541474431287497e-05,1.1864362053041299e-05,0.0045,10450
0.43869956913435176,2.7445560135674896e-06,1.1820380876984652e-05,0.0016,10500
0.4407886147016582,7.941381045384333e-05,1.1776399700928002e-05,0.0008,10550
0.44287766026896463,9.10091694095172e-06,1.1732418524871356e-05,0.0029,10600
0.44496670583627107,0.0006353436619974673,1.1688437348814708e-05,0.004,10650
0.4470557514035775,3.114033825113438e-05,1.1644456172758061e-05,0.0013,10700
0.44914479697088394,0.0002597162965685129,1.1600474996701412e-05,0.0005,10750
0.4512338425381904,3.0039160265005194e-05,1.1556493820644765e-05,0.0033,10800
0.4533228881054968,9.258091449737549e-05,1.1512512644588117e-05,0.0012,10850
0.45541193367280325,6.077415036997991e-06,1.1468531468531469e-05,0.0003,10900
0.4575009792401097,1.9380036974325776e-05,1.142455029247482e-05,0.0008,10950
0.4595900248074161,0.0009684653487056494,1.1380569116418174e-05,0.0026,11000
0.46167907037472256,1.411657706285041e-07,1.1336587940361525e-05,0.0019,11050
0.463768115942029,1.5338526964114862e-06,1.1292606764304878e-05,0.0005,11100
0.4658571615093354,9.06768582353834e-06,1.124862558824823e-05,0.0004,11150
0.46794620707664186,2.775038592517376e-05,1.1204644412191584e-05,0.0001,11200
0.4700352526439483,8.7631542555755e-06,1.1160663236134934e-05,0.0003,11250
0.47212429821125473,1.5376056694549334e-07,1.1116682060078287e-05,0.0039,11300
0.47421334377856117,3.240135993110016e-05,1.107270088402164e-05,0.0033,11350
0.4763023893458676,0.00019835916464217007,1.1028719707964993e-05,0.0034,11400
0.47839143491317404,0.004036541096866131,1.0984738531908343e-05,0.0008,11450
0.4804804804804805,0.0014096376253291965,1.0940757355851697e-05,0.0037,11500
0.4825695260477869,8.029698506106797e-07,1.0896776179795049e-05,0.0068,11550
0.48465857161509335,5.37137611900107e-06,1.08527950037384e-05,0.0014,11600
0.4867476171823998,0.0005473301862366498,1.0808813827681752e-05,0.0035,11650
0.4888366627497062,6.966742148506455e-06,1.0764832651625106e-05,0.0062,11700
0.49092570831701265,0.0656626895070076,1.0720851475568456e-05,0.0015,11750
0.4930147538843191,0.0019320202991366386,1.067687029951181e-05,0.0005,11800
0.4951037994516255,4.2830822621908737e-07,1.0632889123455162e-05,0.0008,11850
0.49719284501893196,0.0001269374042749405,1.0588907947398515e-05,0.0049,11900
0.4992818905862384,2.651082832016982e-05,1.0544926771341865e-05,0.0016,11950
0.5013709361535449,4.464466485387675e-07,1.0500945595285219e-05,0.0023,12000
0.5034599817208513,0.000578728155232966,1.045696441922857e-05,0.0009,12050
0.5055490272881578,0.004397651646286249,1.0412983243171924e-05,0.0002,12100
0.5076380728554641,1.541054189146962e-05,1.0369002067115275e-05,0.0001,12150
0.5097271184227706,0.0094932084903121,1.0325020891058628e-05,0.0005,12200
0.511816163990077,2.0380223304528045e-06,1.0281039715001978e-05,0.0028,12250
0.5139052095573835,2.7992797186016105e-05,1.0237058538945332e-05,0.0031,12300
0.5159942551246899,0.00018460664432495832,1.0193077362888684e-05,0.0102,12350
0.5180833006919964,1.2285284356039483e-05,1.0149096186832037e-05,0.0003,12400
0.5201723462593028,0.004925815388560295,1.0105115010775388e-05,0.0001,12450
0.5222613918266092,5.326069185684901e-07,1.0061133834718741e-05,0.0001,12500
0.5243504373939156,2.210483762610238e-05,1.0018032282183225e-05,0.0055,12550
0.5264394829612221,9.927771316142753e-07,9.974051106126578e-06,0.0001,12600
0.5285285285285285,0.002566932002082467,9.93006993006993e-06,0.0114,12650
0.530617574095835,1.5735301985841943e-06,9.886088754013284e-06,0.0009,12700
0.5327066196631414,0.06869620084762573,9.842107577956636e-06,0.0059,12750
0.5347956652304479,0.00012789148604497313,9.798126401899988e-06,0.0011,12800
0.5368847107977542,0.008789257146418095,9.75414522584334e-06,0.0023,12850
0.5389737563650607,2.0631352526834235e-05,9.710164049786693e-06,0.0024,12900
0.5410628019323671,3.1064158179106016e-07,9.666182873730045e-06,0.0011,12950
0.5431518474996736,4.518814193943399e-07,9.622201697673397e-06,0.0001,13000
0.54524089306698,0.0009981532348319888,9.578220521616749e-06,0.002,13050
0.5473299386342865,0.0373673290014267,9.5342393455601e-06,0.0003,13100
0.5494189842015929,2.5501885829726234e-06,9.490258169503454e-06,0.006,13150
0.5515080297688993,2.1751754957222147e-06,9.446276993446806e-06,0.0033,13200
0.5535970753362057,0.1432565450668335,9.402295817390158e-06,0.0013,13250
0.5556861209035122,1.739390569355237e-07,9.35831464133351e-06,0.0007,13300
0.5577751664708186,0.0017843005480244756,9.314333465276862e-06,0.0062,13350
0.5598642120381251,0.21151398122310638,9.270352289220215e-06,0.0039,13400
0.5619532576054315,4.378739049570868e-06,9.226371113163567e-06,0.0034,13450
0.564042303172738,3.375344704181771e-06,9.182389937106919e-06,0.0029,13500
0.5661313487400443,0.0001648439938435331,9.138408761050271e-06,0.0002,13550
0.5682203943073508,0.1340412199497223,9.094427584993623e-06,0.0017,13600
0.5703094398746573,2.106788451783359e-05,9.050446408936976e-06,0.001,13650
0.5723984854419637,3.074438552630454e-07,9.006465232880328e-06,0.0003,13700
0.5744875310092702,7.418610039167106e-06,8.96248405682368e-06,0.009,13750
0.5765765765765766,6.492419925052673e-05,8.918502880767032e-06,0.0007,13800
0.5786656221438831,0.006250247359275818,8.874521704710386e-06,0.0019,13850
0.5807546677111894,0.7432616353034973,8.830540528653738e-06,0.0041,13900
0.5828437132784959,9.097760994336568e-06,8.78655935259709e-06,0.0018,13950
0.5849327588458023,1.7762027937351377e-06,8.742578176540441e-06,0.0034,14000
0.5870218044131088,0.010475887916982174,8.698597000483793e-06,0.0026,14050
0.5891108499804152,1.842681558628101e-05,8.654615824427147e-06,0.0026,14100
0.5911998955477217,5.855121344211511e-05,8.610634648370499e-06,0.002,14150
0.5932889411150281,0.011006234213709831,8.56665347231385e-06,0.0005,14200
0.5953779866823345,3.4169278251283686e-07,8.522672296257202e-06,0.0021,14250
0.5974670322496409,2.355677452214877e-06,8.478691120200554e-06,0.0013,14300
0.5995560778169474,0.00013724021846428514,8.434709944143908e-06,0.0017,14350
0.6016451233842538,0.0002477554080542177,8.39072876808726e-06,0.0003,14400
0.6037341689515603,0.0032081464305520058,8.346747592030612e-06,0.0009,14450
0.6058232145188667,2.72012243840436e-06,8.302766415973964e-06,0.0021,14500
0.6079122600861732,7.005551196925808e-07,8.258785239917315e-06,0.0058,14550
0.6100013056534795,1.1193794762220932e-06,8.214804063860669e-06,0.0033,14600
0.612090351220786,2.5789113351493143e-06,8.170822887804021e-06,0.0019,14650
0.6141793967880924,3.061707730012131e-06,8.126841711747373e-06,0.0001,14700
0.6162684423553989,1.8774575437419116e-05,8.082860535690725e-06,0.006,14750
0.6183574879227053,1.18045181807247e-06,8.038879359634078e-06,0.0004,14800
0.6204465334900118,0.002370506292209029,7.99489818357743e-06,0.0009,14850
0.6225355790573182,0.00045081262942403555,7.950917007520782e-06,0.0009,14900
0.6246246246246246,6.335282523650676e-05,7.906935831464134e-06,0.001,14950
0.626713670191931,0.0005319746560417116,7.862954655407486e-06,0.0115,15000
0.6288027157592375,2.240967114630621e-05,7.81897347935084e-06,0.0023,15050
0.6308917613265439,1.1070164873672184e-05,7.774992303294191e-06,0.0039,15100
0.6329808068938504,0.00017021872918121517,7.731011127237543e-06,0.004,15150
0.6350698524611568,3.5351516999071464e-05,7.687029951180895e-06,0.0054,15200
0.6371588980284633,4.2020117689389735e-05,7.643048775124247e-06,0.0013,15250
0.6392479435957696,0.00038460982614196837,7.5990675990676e-06,0.001,15300
0.6413369891630761,0.002747158519923687,7.5550864230109524e-06,0.0011,15350
0.6434260347303825,0.012033707462251186,7.511984870475437e-06,0.003,15400
0.645515080297689,1.463089938624762e-05,7.4680036944187896e-06,0.0066,15450
0.6476041258649954,9.189593401970342e-05,7.4240225183621415e-06,0.0002,15500
0.6496931714323019,9.409335325472057e-05,7.380041342305494e-06,0.0001,15550
0.6517822169996083,0.00019852160767186433,7.336060166248846e-06,0.0013,15600
0.6538712625669147,6.166887033032253e-05,7.292078990192199e-06,0.0002,15650
0.6559603081342211,1.3221885637904052e-05,7.248097814135551e-06,0.0022,15700
0.6580493537015276,0.00010853445564862341,7.204116638078903e-06,0.0005,15750
0.660138399268834,0.004120909608900547,7.160135462022255e-06,0.0021,15800
0.6622274448361405,0.000435197347542271,7.116154285965607e-06,0.0004,15850
0.664316490403447,6.31142538622953e-05,7.07217310990896e-06,0.0001,15900
0.6664055359707534,0.00012309876910876483,7.028191933852312e-06,0.0028,15950
0.6684945815380599,4.551061465463135e-06,6.9842107577956646e-06,0.0004,16000
0.6705836271053662,0.00019728763436432928,6.9402295817390165e-06,0.001,16050
0.6726726726726727,2.3267334370302706e-07,6.896248405682368e-06,0.002,16100
0.6747617182399791,0.0012721240054816008,6.852267229625721e-06,0.0012,16150
0.6768507638072856,0.08870311081409454,6.808286053569073e-06,0.0039,16200
0.678939809374592,2.3057267753756605e-05,6.764304877512426e-06,0.0055,16250
0.6810288549418985,4.997637461201521e-06,6.720323701455778e-06,0.0036,16300
0.6831179005092048,0.0004937035264447331,6.6763425253991295e-06,0.0005,16350
0.6852069460765113,4.077769972354872e-06,6.632361349342482e-06,0.0002,16400
0.6872959916438177,0.00013574222975876182,6.588380173285834e-06,0.0007,16450
0.6893850372111242,0.00014668374205939472,6.544398997229187e-06,0.0011,16500
0.6914740827784306,5.936585694144014e-06,6.500417821172539e-06,0.0002,16550
0.6935631283457371,0.0032653131056576967,6.4564366451158914e-06,0.0047,16600
0.6956521739130435,9.74650993157411e-06,6.412455469059243e-06,0.0006,16650
0.69774121948035,6.9363441070890985e-06,6.368474293002595e-06,0.0001,16700
0.6998302650476563,6.622648470511194e-06,6.324493116945948e-06,0.0006,16750
0.7019193106149628,1.063650142896222e-05,6.2805119408893e-06,0.0004,16800
0.7040083561822692,8.188440574485867e-07,6.236530764832653e-06,0.0001,16850
0.7060974017495757,7.283177183126099e-06,6.1925495887760045e-06,0.003,16900
0.7081864473168821,1.6236448573181406e-05,6.148568412719357e-06,0.0038,16950
0.7102754928841886,0.000386104395147413,6.104587236662709e-06,0.0042,17000
0.7123645384514949,6.543415565829491e-06,6.060606060606061e-06,0.0003,17050
0.7144535840188014,6.655715696979314e-05,6.016624884549414e-06,0.0005,17100
0.7165426295861078,1.257347548744292e-06,5.972643708492766e-06,0.0034,17150
0.7186316751534143,8.395915642722684e-07,5.928662532436118e-06,0.0011,17200
0.7207207207207207,1.0435752301418688e-05,5.88468135637947e-06,0.003,17250
0.7228097662880272,0.002797373803332448,5.840700180322822e-06,0.0012,17300
0.7248988118553336,0.0011473654303699732,5.796719004266175e-06,0.0046,17350
0.72698785742264,0.6224279999732971,5.752737828209527e-06,0.0026,17400
0.7290769029899464,4.6638756430184e-06,5.7087566521528795e-06,0.0017,17450
0.7311659485572529,0.00022167936549521983,5.664775476096231e-06,0.006,17500
0.7332549941245593,1.2263400094525423e-05,5.620794300039584e-06,0.0014,17550
0.7353440396918658,4.190024810668547e-06,5.576813123982936e-06,0.0001,17600
0.7374330852591722,0.00037472855183295906,5.532831947926288e-06,0.0042,17650
0.7395221308264787,0.000792289967648685,5.488850771869641e-06,0.0001,17700
0.741611176393785,3.213916386357596e-07,5.4448695958129925e-06,0.0001,17750
0.7437002219610915,3.0932358185964404e-07,5.400888419756345e-06,0.0001,17800
0.7457892675283979,0.0002049870090559125,5.356907243699697e-06,0.003,17850
0.7478783130957044,9.400197450304404e-05,5.31292606764305e-06,0.0009,17900
0.7499673586630108,6.341876996884821e-06,5.268944891586402e-06,0.0008,17950
0.7520564042303173,1.597016307641752e-06,5.224963715529754e-06,0.001,18000
0.7541454497976237,0.0033418950624763966,5.180982539473106e-06,0.0039,18050
0.7562344953649301,0.001666566589847207,5.137001363416458e-06,0.0003,18100
0.7583235409322366,0.003664303570985794,5.093020187359811e-06,0.0029,18150
0.760412586499543,3.5153134376741946e-05,5.049039011303163e-06,0.0012,18200
0.7625016320668495,0.014297548681497574,5.005057835246515e-06,0.0008,18250
0.7645906776341559,3.308028681203723e-05,4.9610766591898675e-06,0.0002,18300
0.7666797232014624,1.9882934054749057e-07,4.917095483133219e-06,0.0008,18350
0.7687687687687688,0.0033846558071672916,4.873114307076572e-06,0.0009,18400
0.7708578143360753,2.882326407416258e-05,4.829133131019924e-06,0.0025,18450
0.7729468599033816,0.0002425869897706434,4.785151954963277e-06,0.002,18500
0.7750359054706881,0.004215606022626162,4.741170778906629e-06,0.0019,18550
0.7771249510379945,5.606734134744329e-07,4.6971896028499805e-06,0.003,18600
0.779213996605301,0.00016102538211271167,4.653208426793333e-06,0.0019,18650
0.7813030421726074,1.0157790711673442e-05,4.609227250736685e-06,0.0002,18700
0.7833920877399139,2.2479496237792773e-06,4.565246074680038e-06,0.0001,18750
0.7854811333072202,1.1042623100365745e-06,4.52126489862339e-06,0.0001,18800
0.7875701788745267,5.68191849126265e-09,4.478163346087875e-06,0.001,18850
0.7896592244418331,5.783409733339795e-07,4.434182170031227e-06,0.0003,18900
0.7917482700091396,0.00015039464051369578,4.39020099397458e-06,0.002,18950
0.793837315576446,2.241182528450736e-06,4.3462198179179315e-06,0.0003,19000
0.7959263611437525,3.0121152576612076e-06,4.302238641861284e-06,0.0054,19050
0.7980154067110589,2.311361640749965e-06,4.258257465804636e-06,0.0,19100
0.8001044522783654,3.3078986234613694e-06,4.214276289747988e-06,0.0012,19150
0.8021934978456717,1.0549848994401145e-08,4.170295113691341e-06,0.0012,19200
0.8042825434129782,2.9542459856202186e-07,4.126313937634693e-06,0.0,19250
0.8063715889802846,1.1504087638058991e-07,4.082332761578045e-06,0.0022,19300
0.8084606345475911,2.3851700348132e-07,4.038351585521397e-06,0.0016,19350
0.8105496801148975,3.0311919090308947e-06,3.994370409464749e-06,0.0005,19400
0.812638725682204,0.0001517395576229319,3.950389233408102e-06,0.0034,19450
0.8147277712495103,4.843150691158371e-06,3.906408057351454e-06,0.0,19500
0.8168168168168168,3.980780820711516e-05,3.8624268812948065e-06,0.0026,19550
0.8189058623841232,2.247710881420062e-06,3.818445705238158e-06,0.0028,19600
0.8209949079514297,1.0173432656301884e-06,3.7744645291815107e-06,0.0007,19650
0.8230839535187361,0.00017949184984900057,3.730483353124863e-06,0.0,19700
0.8251729990860426,1.0044058029734515e-07,3.6865021770682153e-06,0.0028,19750
0.827262044653349,9.883860002446454e-06,3.6425210010115676e-06,0.0001,19800
0.8293510902206555,0.0001476332836318761,3.5985398249549195e-06,0.0003,19850
0.8314401357879618,4.587997481930728e-10,3.554558648898272e-06,0.0004,19900
0.8335291813552683,8.642389730084687e-06,3.510577472841624e-06,0.0014,19950
0.8356182269225747,0.007234878372400999,3.4665962967849764e-06,0.0004,20000
0.8377072724898812,0.00022762785374652594,3.4226151207283288e-06,0.0104,20050
0.8397963180571876,6.434209609551544e-08,3.378633944671681e-06,0.0013,20100
0.8418853636244941,0.0019482215866446495,3.3346527686150334e-06,0.0048,20150
0.8439744091918004,4.0112558053806424e-05,3.2906715925583853e-06,0.0022,20200
0.8460634547591069,8.581138644103703e-08,3.2466904165017376e-06,0.0014,20250
0.8481525003264133,7.068114626918032e-08,3.20270924044509e-06,0.0036,20300
0.8502415458937198,0.0014651016099378467,3.158728064388442e-06,0.0001,20350
0.8523305914610263,6.379841579473577e-07,3.1147468883317945e-06,0.0002,20400
0.8544196370283327,8.030186108953785e-06,3.070765712275147e-06,0.0004,20450
0.8565086825956392,4.757974238600582e-06,3.0267845362184987e-06,0.0007,20500
0.8585977281629456,3.218270876459428e-06,2.982803360161851e-06,0.0095,20550
0.860686773730252,1.0136448509001639e-05,2.9388221841052033e-06,0.0012,20600
0.8627758192975584,1.2334072380326688e-05,2.8948410080485556e-06,0.0088,20650
0.8648648648648649,0.00031842419411987066,2.850859831991908e-06,0.0009,20700
0.8669539104321713,1.7915209582497482e-06,2.8068786559352603e-06,0.0033,20750
0.8690429559994778,2.794190004351549e-05,2.762897479878612e-06,0.0007,20800
0.8711320015667842,3.5808006941806525e-05,2.7189163038219645e-06,0.0043,20850
0.8732210471340907,6.7835012487194035e-06,2.6749351277653168e-06,0.0007,20900
0.875310092701397,2.475658220646437e-07,2.630953951708669e-06,0.0001,20950
0.8773991382687035,1.8108199583366513e-05,2.5869727756520214e-06,0.0038,21000
0.8794881838360099,4.782322776009096e-06,2.5429915995953737e-06,0.0039,21050
0.8815772294033164,0.0008305751252919436,2.4990104235387256e-06,0.0049,21100
0.8836662749706228,0.00020654780382756144,2.455029247482078e-06,0.0004,21150
0.8857553205379293,2.873927223845385e-05,2.41104807142543e-06,0.0009,21200
0.8878443661052356,0.009401778690516949,2.367066895368782e-06,0.0043,21250
0.8899334116725421,8.477200026391074e-05,2.3230857193121344e-06,0.0018,21300
0.8920224572398485,2.3700285964878276e-05,2.2791045432554867e-06,0.0008,21350
0.894111502807155,0.1287606656551361,2.235123367198839e-06,0.0002,21400
0.8962005483744614,1.762049350872985e-06,2.1911421911421913e-06,0.002,21450
0.8982895939417679,6.254234176594764e-05,2.1471610150855437e-06,0.0003,21500
0.9003786395090743,5.5351258197333664e-05,2.1031798390288955e-06,0.0026,21550
0.9024676850763808,3.889744220941793e-06,2.059198662972248e-06,0.0002,21600
0.9045567306436871,0.0037733865901827812,2.0152174869156e-06,0.0006,21650
0.9066457762109936,1.851937781793822e-06,1.9712363108589525e-06,0.0002,21700
0.9087348217783,2.442398908897303e-05,1.9272551348023048e-06,0.0028,21750
0.9108238673456065,0.00016848306404426694,1.8832739587456569e-06,0.0033,21800
0.9129129129129129,3.0410740237130085e-06,1.8392927826890092e-06,0.0019,21850
0.9150019584802194,0.012762365862727165,1.7953116066323615e-06,0.0017,21900
0.9170910040475257,4.98819827043917e-06,1.7513304305757136e-06,0.0005,21950
0.9191800496148322,3.546105972418445e-06,1.707349254519066e-06,0.0009,22000
